ArRType,ArRTown,NombreDeTransport,Annee
bus,Neuilly-sur-Seine,1,2024
metro,Neuilly-sur-Seine,1,2024
bus,Neuilly-sur-Seine,1,2024
bus,Neuilly-sur-Seine,1,2024
bus,Neuilly-sur-Seine,1,2024
bus,Neuilly-sur-Seine,1,2024
bus,Neuilly-sur-Seine,1,2024
bus,Neuilly-sur-Seine,1,2024
bus,Neuilly-sur-Seine,1,2024
bus,Neuilly-sur-Seine,1,2024
bus,Neuilly-sur-Seine,1,2024
bus,Neuilly-sur-Seine,1,2024
metro,Neuilly-sur-Seine,1,2024
bus,Neuilly-sur-Seine,1,2024
bus,Neuilly-sur-Seine,1,2024
bus,Neuilly-sur-Seine,1,2024
bus,Neuilly-sur-Seine,1,2024
bus,Neuilly-sur-Seine,1,2024
bus,Neuilly-sur-Seine,1,2024
bus,Neuilly-sur-Seine,1,2024
bus,Neuilly-sur-Seine,1,2024
bus,Neuilly-sur-Seine,1,2024
bus,Neuilly-sur-Seine,1,2024
bus,Neuilly-sur-Seine,1,2024
bus,Neuilly-sur-Seine,1,2024
bus,Neuilly-sur-Seine,1,2024
bus,Neuilly-sur-Seine,1,2024
bus,Neuilly-sur-Seine,1,2024
bus,Neuilly-sur-Seine,1,2024
bus,Neuilly-sur-Seine,1,2024
bus,Neuilly-sur-Seine,1,2024
bus,Neuilly-sur-Seine,1,2024
bus,Neuilly-sur-Seine,1,2024
bus,Neuilly-sur-Seine,1,2024
bus,Neuilly-sur-Seine,1,2024
bus,Neuilly-sur-Seine,1,2024
bus,Neuilly-sur-Seine,1,2024
bus,Neuilly-sur-Seine,1,2024
bus,Neuilly-sur-Seine,1,2024
bus,Neuilly-sur-Seine,1,2024
bus,Neuilly-sur-Seine,1,2024
bus,Neuilly-sur-Seine,1,2024
bus,Neuilly-sur-Seine,1,2024
